,precision,recall,f1-score,support,song_count
112,1.0,1.0,1.0,1.0,6
Busta Rhymes,1.0,1.0,1.0,2.0,7
Neil Sedaka,1.0,1.0,1.0,1.0,6
Ginuwine,1.0,1.0,1.0,2.0,7
Snoop Dogg,1.0,1.0,1.0,1.0,6
Mary J. Blige,0.6666666666666666,1.0,0.8,2.0,9
Sean Paul,0.6666666666666666,1.0,0.8,2.0,8
Pitbull,1.0,0.5,0.6666666666666666,2.0,9
Coldplay,1.0,0.5,0.6666666666666666,2.0,8
Doja Cat,0.6666666666666666,0.6666666666666666,0.6666666666666666,3.0,13
Dr. Dre,1.0,0.5,0.6666666666666666,2.0,6
Ed Sheeran,0.6,0.75,0.6666666666666666,4.0,15
Santana,1.0,0.5,0.6666666666666666,2.0,9
Eric Clapton,1.0,0.5,0.6666666666666666,2.0,8
Sam Smith,1.0,0.5,0.6666666666666666,2.0,7
Guy Mitchell,0.5,1.0,0.6666666666666666,1.0,6
Cardi B,0.6666666666666666,0.6666666666666666,0.6666666666666666,3.0,10
Ja Rule,1.0,0.5,0.6666666666666666,2.0,7
James Brown,1.0,0.5,0.6666666666666666,2.0,7
Jay-Z,0.6,0.75,0.6666666666666666,4.0,14
John Denver,0.5,1.0,0.6666666666666666,1.0,6
Kesha,0.5,1.0,0.6666666666666666,2.0,9
Andy Gibb,1.0,0.5,0.6666666666666666,2.0,7
Nelly,0.6,0.75,0.6666666666666666,4.0,14
Luke Bryan,1.0,0.5,0.6666666666666666,2.0,9
50 Cent,0.5,1.0,0.6666666666666666,2.0,9
David Guetta,1.0,0.5,0.6666666666666666,2.0,7
Eminem,0.4444444444444444,1.0,0.6153846153846154,4.0,16
Connie Francis,0.5,0.6666666666666666,0.5714285714285714,3.0,11
Chris Brown,0.4166666666666667,0.8333333333333334,0.5555555555555556,6.0,23
Michael Jackson,0.4444444444444444,0.6666666666666666,0.5333333333333333,6.0,25
The Weeknd,1.0,0.3333333333333333,0.5,3.0,11
3 Doors Down,0.3333333333333333,1.0,0.5,2.0,8
Shawn Mendes,1.0,0.3333333333333333,0.5,3.0,11
Trey Songz,0.5,0.5,0.5,2.0,7
Kelly Clarkson,0.375,0.75,0.5,4.0,17
Fall Out Boy,0.5,0.5,0.5,2.0,8
The Beach Boys,1.0,0.3333333333333333,0.5,3.0,12
Queen,0.5,0.5,0.5,2.0,8
Meghan Trainor,0.5,0.5,0.5,2.0,9
Missy Elliott,0.5,0.5,0.5,2.0,8
Morgan Wallen,0.42857142857142855,0.6,0.5,5.0,18
Janet Jackson,0.42857142857142855,0.5,0.46153846153846156,6.0,24
Destiny's Child,0.3333333333333333,0.6666666666666666,0.4444444444444444,3.0,12
Vaughn Monroe,0.3333333333333333,0.6666666666666666,0.4444444444444444,3.0,10
Duran Duran,0.5,0.3333333333333333,0.4,3.0,11
Keith Sweat,0.3333333333333333,0.5,0.4,2.0,8
Kool,0.5,0.3333333333333333,0.4,3.0,11
Olivia Rodrigo,0.3333333333333333,0.5,0.4,2.0,7
Bee Gees,0.5,0.3333333333333333,0.4,3.0,12
TLC,0.3333333333333333,0.5,0.4,2.0,9
Fats Domino,0.3333333333333333,0.5,0.4,2.0,8
John Mayer,0.25,1.0,0.4,1.0,6
Toni Braxton,0.3333333333333333,0.5,0.4,2.0,9
Backstreet Boys,0.3333333333333333,0.5,0.4,2.0,7
T.I.,0.5,0.3333333333333333,0.4,3.0,11
Imagine Dragons,0.5,0.3333333333333333,0.4,3.0,13
Lil Wayne,0.5,0.3333333333333333,0.4,3.0,10
Ludacris,1.0,0.25,0.4,4.0,14
Ne-Yo,0.5,0.3333333333333333,0.4,3.0,11
Drake,0.25,0.9,0.391304347826087,10.0,40
Usher,0.2727272727272727,0.5,0.35294117647058826,6.0,24
Sheryl Crow,0.25,0.5,0.3333333333333333,2.0,8
Post Malone,0.5,0.25,0.3333333333333333,4.0,17
OneRepublic,0.3333333333333333,0.3333333333333333,0.3333333333333333,3.0,10
Luke Combs,0.25,0.5,0.3333333333333333,4.0,17
Kane Brown,0.25,0.5,0.3333333333333333,2.0,9
Chubby Checker,0.25,0.5,0.3333333333333333,2.0,7
Adele,0.3333333333333333,0.3333333333333333,0.3333333333333333,3.0,13
Britney Spears,0.3333333333333333,0.25,0.2857142857142857,4.0,15
Lady Gaga,0.3333333333333333,0.25,0.2857142857142857,4.0,15
Phil Collins,0.3333333333333333,0.25,0.2857142857142857,4.0,14
Beyoncé,0.2222222222222222,0.3333333333333333,0.26666666666666666,6.0,22
Prince,0.25,0.25,0.25,4.0,15
Chicago,0.25,0.25,0.25,4.0,14
Taylor Swift,0.16666666666666666,0.3333333333333333,0.2222222222222222,9.0,35
Boyz II Men,0.16666666666666666,0.3333333333333333,0.2222222222222222,3.0,13
Rihanna,0.2,0.25,0.2222222222222222,8.0,30
Elton John,0.15,0.42857142857142855,0.2222222222222222,7.0,28
Marvin Gaye,0.16666666666666666,0.25,0.2,4.0,15
R. Kelly,0.14285714285714285,0.25,0.18181818181818182,4.0,17
Mariah Carey,0.1111111111111111,0.25,0.15384615384615385,8.0,32
Maroon 5,0.07692307692307693,0.16666666666666666,0.10526315789473684,6.0,25
Elvis Presley,0.08333333333333333,0.14285714285714285,0.10526315789473684,7.0,29
Madonna,0.0625,0.2222222222222222,0.0975609756097561,9.0,35
Tom Petty,0.0,0.0,0.0,2.0,6
Neil Diamond,0.0,0.0,0.0,3.0,12
Perry Como,0.0,0.0,0.0,5.0,20
Paula Abdul,0.0,0.0,0.0,2.0,8
Paul McCartney,0.0,0.0,0.0,3.0,12
Monica,0.0,0.0,0.0,2.0,8
Peter,0.0,0.0,0.0,2.0,7
Tom Jones,0.0,0.0,0.0,2.0,8
Tommy James,0.0,0.0,0.0,2.0,7
Nat King Cole,0.0,0.0,0.0,3.0,10
Paul Anka,0.0,0.0,0.0,3.0,12
U2,0.0,0.0,0.0,2.0,7
Patti Page,0.0,0.0,0.0,3.0,11
Pat Boone,0.0,0.0,0.0,2.0,9
Travis Scott,0.0,0.0,0.0,2.0,6
One Direction,0.0,0.0,0.0,1.0,6
New Kids on the Block,0.0,0.0,0.0,1.0,6
Wham!,0.0,0.0,0.0,1.0,6
Train,0.0,0.0,0.0,2.0,6
Olivia Newton-John,0.0,0.0,0.0,3.0,13
Nickelback,0.0,0.0,0.0,3.0,11
NSYNC,0.0,0.0,0.0,2.0,8
No Doubt,0.0,0.0,0.0,1.0,6
Nicki Minaj,0.0,0.0,0.0,3.0,13
The Rolling Stones,0.0,0.0,0.0,3.0,13
Rod Stewart,0.0,0.0,0.0,3.0,13
Pink,0.0,0.0,0.0,5.0,18
The Turtles,0.0,0.0,0.0,1.0,6
Styx,0.0,0.0,0.0,2.0,9
T-Pain,0.0,0.0,0.0,2.0,7
The Temptations,0.0,0.0,0.0,3.0,13
Taylor Dayne,0.0,0.0,0.0,2.0,8
The Supremes,0.0,0.0,0.0,3.0,12
The 5th Dimension,0.0,0.0,0.0,1.0,6
The Beatles,0.0,0.0,0.0,6.0,25
The Spinners,0.0,0.0,0.0,2.0,7
The Black Eyed Peas,0.0,0.0,0.0,2.0,8
The Carpenters,0.0,0.0,0.0,2.0,7
The Dave Clark Five,0.0,0.0,0.0,2.0,7
The Everly Brothers,0.0,0.0,0.0,3.0,12
The Shirelles,0.0,0.0,0.0,1.0,6
The Four Seasons,0.0,0.0,0.0,2.0,7
The Hollies,0.0,0.0,0.0,1.0,6
The Isley Brothers,0.0,0.0,0.0,1.0,6
The Jackson 5,0.0,0.0,0.0,1.0,6
The Kinks,0.0,0.0,0.0,1.0,6
The Miracles,0.0,0.0,0.0,1.0,6
The O'Jays,0.0,0.0,0.0,1.0,6
The Platters,0.0,0.0,0.0,2.0,8
Sting,0.0,0.0,0.0,2.0,7
Stevie Wonder,0.0,0.0,0.0,6.0,22
Toby Keith,0.0,0.0,0.0,2.0,7
Steve Winwood,0.0,0.0,0.0,1.0,6
Puff Daddy,0.0,0.0,0.0,1.0,6
War,0.0,0.0,0.0,1.0,6
Ray Charles,0.0,0.0,0.0,2.0,9
Richard Marx,0.0,0.0,0.0,3.0,10
Ricky Nelson,0.0,0.0,0.0,3.0,13
Roberta Flack,0.0,0.0,0.0,2.0,6
The Pointer Sisters,0.0,0.0,0.0,2.0,8
Roxette,0.0,0.0,0.0,1.0,6
Roy Orbison,0.0,0.0,0.0,2.0,8
SWV,0.0,0.0,0.0,1.0,6
SZA,0.0,0.0,0.0,2.0,8
Sam Cooke,0.0,0.0,0.0,2.0,7
Tina Turner,0.0,0.0,0.0,1.0,6
Tim McGraw,0.0,0.0,0.0,3.0,10
Sammy Kaye,0.0,0.0,0.0,1.0,6
Milli Vanilli,0.0,0.0,0.0,1.0,6
Selena Gomez,0.0,0.0,0.0,3.0,11
Sheena Easton,0.0,0.0,0.0,2.0,7
Three Dog Night,0.0,0.0,0.0,2.0,8
Sly,0.0,0.0,0.0,2.0,6
Steely Dan,0.0,0.0,0.0,1.0,6
Van Halen,0.0,0.0,0.0,1.0,6
Kenny Chesney,0.0,0.0,0.0,3.0,10
Miley Cyrus,0.0,0.0,0.0,3.0,11
Dionne Warwick,0.0,0.0,0.0,3.0,12
Brandy,0.0,0.0,0.0,3.0,10
Brenda Lee,0.0,0.0,0.0,4.0,14
Brook Benton,0.0,0.0,0.0,1.0,6
Bruce Springsteen,0.0,0.0,0.0,2.0,9
Bruno Mars,0.0,0.0,0.0,3.0,11
Bryan Adams,0.0,0.0,0.0,3.0,12
Calvin Harris,0.0,0.0,0.0,2.0,9
Carly Simon,0.0,0.0,0.0,1.0,6
Carrie Underwood,0.0,0.0,0.0,1.0,6
Celine Dion,0.0,0.0,0.0,3.0,10
Cher,0.0,0.0,0.0,3.0,12
Christina Aguilera,0.0,0.0,0.0,2.0,9
Christopher Cross,0.0,0.0,0.0,1.0,6
Ciara,0.0,0.0,0.0,2.0,7
Color Me Badd,0.0,0.0,0.0,1.0,6
Commodores,0.0,0.0,0.0,2.0,8
Creedence Clearwater Revival,0.0,0.0,0.0,2.0,7
Culture Club,0.0,0.0,0.0,1.0,6
Cyndi Lauper,0.0,0.0,0.0,1.0,6
DJ Khaled,0.0,0.0,0.0,2.0,7
Daryl Hall,0.0,0.0,0.0,5.0,18
Def Leppard,0.0,0.0,0.0,2.0,7
Diana Ross,0.0,0.0,0.0,3.0,13
Bon Jovi,0.0,0.0,0.0,3.0,12
Bobby Vinton,0.0,0.0,0.0,1.0,6
Bobby Rydell,0.0,0.0,0.0,2.0,7
Aretha Franklin,0.0,0.0,0.0,4.0,14
ABBA,0.0,0.0,0.0,1.0,6
Aaliyah,0.0,0.0,0.0,3.0,11
Aerosmith,0.0,0.0,0.0,3.0,12
Air Supply,0.0,0.0,0.0,2.0,7
Akon,0.0,0.0,0.0,2.0,8
Al Green,0.0,0.0,0.0,1.0,6
Alice Cooper,0.0,0.0,0.0,1.0,6
Alicia Keys,0.0,0.0,0.0,3.0,12
Andy Williams,0.0,0.0,0.0,2.0,7
Anne Murray,0.0,0.0,0.0,2.0,8
Ariana Grande,0.0,0.0,0.0,4.0,16
Bobby Darin,0.0,0.0,0.0,2.0,8
Avril Lavigne,0.0,0.0,0.0,2.0,8
Babyface,0.0,0.0,0.0,1.0,6
Barbra Streisand,0.0,0.0,0.0,2.0,9
Barry Manilow,0.0,0.0,0.0,3.0,11
Billie Eilish,0.0,0.0,0.0,3.0,12
Billy Joel,0.0,0.0,0.0,3.0,12
Billy Ocean,0.0,0.0,0.0,1.0,6
Blake Shelton,0.0,0.0,0.0,2.0,7
Bob Seger,0.0,0.0,0.0,2.0,8
Bobby Brown,0.0,0.0,0.0,2.0,8
Dion,0.0,0.0,0.0,2.0,8
Donna Summer,0.0,0.0,0.0,3.0,11
Michael Bolton,0.0,0.0,0.0,3.0,10
Dr. Hook,0.0,0.0,0.0,2.0,7
Jackie Wilson,0.0,0.0,0.0,2.0,6
Jason Aldean,0.0,0.0,0.0,3.0,11
Jason Derulo,0.0,0.0,0.0,3.0,11
Jennifer Lopez,0.0,0.0,0.0,3.0,11
Jewel,0.0,0.0,0.0,2.0,6
Johnny Rivers,0.0,0.0,0.0,2.0,6
Journey,0.0,0.0,0.0,1.0,6
Justin Bieber,0.0,0.0,0.0,3.0,11
Justin Timberlake,0.0,0.0,0.0,4.0,15
KC,0.0,0.0,0.0,1.0,6
Kanye West,0.0,0.0,0.0,2.0,8
Katy Perry,0.0,0.0,0.0,4.0,17
Kenny Loggins,0.0,0.0,0.0,1.0,6
Kenny Rogers,0.0,0.0,0.0,4.0,14
Khalid,0.0,0.0,0.0,2.0,7
LL Cool J,0.0,0.0,0.0,2.0,7
Lady Antebellum,0.0,0.0,0.0,1.0,6
Lil Baby,0.0,0.0,0.0,2.0,9
Linda Ronstadt,0.0,0.0,0.0,2.0,9
Linkin Park,0.0,0.0,0.0,2.0,7
Lionel Richie,0.0,0.0,0.0,3.0,12
Little River Band,0.0,0.0,0.0,2.0,7
Megan Thee Stallion,0.0,0.0,0.0,1.0,6
Huey Lewis,0.0,0.0,0.0,3.0,10
Herman's Hermits,0.0,0.0,0.0,2.0,7
Helen Reddy,0.0,0.0,0.0,2.0,7
Flo Rida,0.0,0.0,0.0,2.0,9
Dua Lipa,0.0,0.0,0.0,3.0,10
Eagles,0.0,0.0,0.0,2.0,8
Earth,0.0,0.0,0.0,3.0,10
Electric Light Orchestra,0.0,0.0,0.0,2.0,9
En Vogue,0.0,0.0,0.0,1.0,6
Enrique Iglesias,0.0,0.0,0.0,2.0,7
Exposé,0.0,0.0,0.0,1.0,6
Faith Hill,0.0,0.0,0.0,1.0,6
Fergie,0.0,0.0,0.0,1.0,6
Fleetwood Mac,0.0,0.0,0.0,3.0,10
Florida Georgia Line,0.0,0.0,0.0,2.0,7
Heart,0.0,0.0,0.0,2.0,8
Foreigner,0.0,0.0,0.0,2.0,9
Frankie Laine,0.0,0.0,0.0,2.0,7
Future,0.0,0.0,0.0,1.0,6
Gary Lewis,0.0,0.0,0.0,1.0,6
Genesis,0.0,0.0,0.0,3.0,10
George Michael,0.0,0.0,0.0,3.0,12
Gladys Knight,0.0,0.0,0.0,2.0,7
Gloria Estefan,0.0,0.0,0.0,2.0,8
Goo Goo Dolls,0.0,0.0,0.0,1.0,6
Harry Styles,0.0,0.0,0.0,2.0,6
Whitney Houston,0.0,0.0,0.0,6.0,22
